{
  "iou": 0.670052,
  "dice": 0.800034,
  "accuracy": 0.846873
}