{
  "iou": 0.778316,
  "dice": 0.963168,
  "accuracy": 0.882151
}