{
  "iou": 0.570345,
  "dice": 0.796915,
  "accuracy": 0.832747
}