{
  "iou": 0.545546,
  "dice": 0.795086,
  "accuracy": 0.888837
}