{
  "iou": 0.700661,
  "dice": 0.836353,
  "accuracy": 0.932998
}