{\n  "iou": 0.786637,\n  "dice": 0.871745,\n  "accuracy": 0.914101\n}