{\n  "iou": 0.812420,\n  "dice": 0.870761,\n  "accuracy": 0.790744\n}