{\n  "iou": 0.725297,\n  "dice": 1.069299,\n  "accuracy": 0.834891\n}