{\n  "iou": 0.791237,\n  "dice": 0.919292,\n  "accuracy": 0.828831\n}