{\n  "iou": 0.706112,\n  "dice": 0.790806,\n  "accuracy": 0.862249\n}