{\n  "iou": 0.959612,\n  "dice": 0.795320,\n  "accuracy": 0.917847,\n  "precision": 0.972145,\n  "recall": 0.684945\n}