{\n  "iou": 0.634193,\n  "dice": 0.830063,\n  "accuracy": 0.955852,\n  "precision": 0.686294,\n  "recall": 0.746252\n}