{\n  "iou": 0.806686,\n  "dice": 0.732502,\n  "accuracy": 0.848199,\n  "precision": 0.766724,\n  "recall": 0.713897\n}