{\n  "iou": 0.745030,\n  "dice": 0.726569,\n  "accuracy": 0.816896,\n  "precision": 0.691624,\n  "recall": 0.760815\n}