{\n  "iou": 0.726210,\n  "dice": 0.836532,\n  "accuracy": 0.918125,\n  "precision": 0.828574,\n  "recall": 0.681691\n}