{\n  "iou": 0.771241,\n  "dice": 0.706423,\n  "accuracy": 0.788874,\n  "precision": 0.790795,\n  "recall": 0.836933\n}