{\n  "iou": 0.742490,\n  "dice": 0.888142,\n  "accuracy": 0.880177,\n  "precision": 0.796250,\n  "recall": 0.741267\n}