{\n  "iou": 0.733852,\n  "dice": 0.696440,\n  "accuracy": 0.782284,\n  "precision": 0.784788,\n  "recall": 0.806293\n}