{\n  "iou": 0.659570,\n  "dice": 0.707822,\n  "accuracy": 0.912365,\n  "precision": 0.701825,\n  "recall": 0.803556\n}