{\n  "iou": 0.644474,\n  "dice": 0.649983,\n  "accuracy": 0.820613,\n  "precision": 0.706789,\n  "recall": 0.761350\n}