{
  "iou": 0.810759,
  "dice": 0.699629,
  "accuracy": 0.832974
}