{
  "iou": 0.869900,
  "dice": 0.846874,
  "accuracy": 0.881445
}