{
  "iou": 0.844677,
  "dice": 0.681854,
  "accuracy": 0.931670
}