{
  "iou": 0.885042,
  "dice": 0.884205,
  "accuracy": 0.830704
}