{
  "iou": 0.738507,
  "dice": 0.740456,
  "accuracy": 0.803811
}