{\n  "iou": 0.683186,\n  "dice": 0.796733,\n  "accuracy": 0.831180,\n  "precision": 0.867941,\n  "recall": 0.732571\n}