{\n  "iou": 0.602778,\n  "dice": 0.673685,\n  "accuracy": 0.817926,\n  "precision": 0.856358,\n  "recall": 0.790220\n}