{\n  "iou": 0.722270,\n  "dice": 0.768743,\n  "accuracy": 0.833464,\n  "precision": 0.655374,\n  "recall": 0.746211\n}