{\n  "iou": 0.621991,\n  "dice": 0.870528,\n  "accuracy": 0.867914,\n  "precision": 0.744573,\n  "recall": 0.807856\n}