{\n  "iou": 0.632489,\n  "dice": 0.821117,\n  "accuracy": 0.861109,\n  "precision": 0.794296,\n  "recall": 0.813516\n}