{\n  "iou": 0.669951,\n  "dice": 0.625692,\n  "accuracy": 0.869121,\n  "precision": 0.774323,\n  "recall": 0.800155\n}