{\n  "iou": 0.673579,\n  "dice": 0.816701,\n  "accuracy": 0.826229,\n  "precision": 0.803044,\n  "recall": 0.719433\n}