{\n  "iou": 0.663074,\n  "dice": 0.658958,\n  "accuracy": 0.863697,\n  "precision": 0.773804,\n  "recall": 0.558295\n}