{\n  "iou": 0.869010,\n  "dice": 0.745099,\n  "accuracy": 0.836390,\n  "precision": 0.759482,\n  "recall": 0.803222\n}