{\n  "iou": 0.810577,\n  "dice": 0.735885,\n  "accuracy": 0.865782,\n  "precision": 0.816931,\n  "recall": 0.720237\n}