{\n  "iou": 0.926704,\n  "dice": 0.880846,\n  "accuracy": 0.921705,\n  "precision": 0.879363,\n  "recall": 0.834496\n}