{\n  "iou": 0.748098,\n  "dice": 0.722539,\n  "accuracy": 0.931958,\n  "precision": 0.806479,\n  "recall": 0.722861\n}