{\n  "iou": 0.739246,\n  "dice": 0.729418,\n  "accuracy": 0.880222,\n  "precision": 0.802967,\n  "recall": 0.719867\n}