{\n  "iou": 0.799247,\n  "dice": 0.864899,\n  "accuracy": 0.903641,\n  "precision": 0.747720,\n  "recall": 0.796642\n}