{\n  "iou": 0.764381,\n  "dice": 0.781317,\n  "accuracy": 0.887673,\n  "precision": 0.865126,\n  "recall": 0.872239\n}