{\n  "iou": 0.775899,\n  "dice": 0.715155,\n  "accuracy": 0.864082,\n  "precision": 0.727257,\n  "recall": 0.810667\n}