{\n  "iou": 0.744885,\n  "dice": 0.715657,\n  "accuracy": 0.914534,\n  "precision": 0.792414,\n  "recall": 0.926043\n}