{\n  "iou": 0.877971,\n  "dice": 0.691090,\n  "accuracy": 0.758942,\n  "precision": 0.910955,\n  "recall": 0.813079\n}