{\n  "iou": 0.705520,\n  "dice": 0.748475,\n  "accuracy": 0.874199,\n  "precision": 0.854833,\n  "recall": 0.946980\n}