{\n  "iou": 0.788446,\n  "dice": 0.789277,\n  "accuracy": 0.779356,\n  "precision": 0.805180,\n  "recall": 0.882400\n}