{\n  "iou": 0.788083,\n  "dice": 0.988878,\n  "accuracy": 0.814558\n}