{\n  "iou": 0.738022,\n  "dice": 0.807374,\n  "accuracy": 0.952179\n}