{\n  "iou": 0.669099,\n  "dice": 1.078451,\n  "accuracy": 0.866909\n}