{\n  "iou": 0.782203,\n  "dice": 0.747266,\n  "accuracy": 0.823978\n}