{\n  "iou": 0.824413,\n  "dice": 0.878365,\n  "accuracy": 0.898061\n}