{\n  "iou": 0.772574,\n  "dice": 0.708189,\n  "accuracy": 0.931069,\n  "precision": 0.865570,\n  "recall": 0.804848\n}