{\n  "iou": 0.697541,\n  "dice": 0.803722,\n  "accuracy": 0.818926,\n  "precision": 0.715577,\n  "recall": 0.894991\n}