{\n  "iou": 0.808851,\n  "dice": 0.767491,\n  "accuracy": 0.874738,\n  "precision": 0.764170,\n  "recall": 0.657554\n}