{\n  "iou": 0.927507,\n  "dice": 0.880940,\n  "accuracy": 0.884290,\n  "precision": 0.868065,\n  "recall": 0.763219\n}