{\n  "iou": 0.682408,\n  "dice": 0.858167,\n  "accuracy": 0.900279,\n  "precision": 0.765504,\n  "recall": 0.786077\n}