{\n  "iou": 0.810999,\n  "dice": 0.611590,\n  "accuracy": 0.884128,\n  "precision": 0.863897,\n  "recall": 0.816908\n}