{\n  "iou": 0.619395,\n  "dice": 0.798022,\n  "accuracy": 0.779788,\n  "precision": 0.828489,\n  "recall": 0.725130\n}