{\n  "iou": 0.767151,\n  "dice": 0.768252,\n  "accuracy": 0.844437,\n  "precision": 0.749700,\n  "recall": 0.651288\n}