{\n  "iou": 0.826755,\n  "dice": 0.898338,\n  "accuracy": 0.986727,\n  "precision": 0.874810,\n  "recall": 0.762501\n}