{\n  "iou": 0.782552,\n  "dice": 0.778338,\n  "accuracy": 0.842023,\n  "precision": 0.783501,\n  "recall": 0.706198\n}